MEDIO,NATURA,Profumo dell’oceano,Il vento serale porta l’odore del mare
MEDIO,NATURA,Acquazzone rapido,La pioggia improvvisa bagna le strade vuote
MEDIO,NATURA,Cielo scuro,Le nuvole grigie annunciano un temporale
MEDIO,NATURA,Acqua di montagna,Il torrente scorre veloce tra le rocce
MEDIO,NATURA,Forza della natura,Gli alberi oscillano sotto la tempesta
MEDIO,NATURA,Stagione nuova,Il sole di primavera scalda i primi fiori
MEDIO,NATURA,Guida notturna,La luna piena illumina il sentiero nel bosco
MEDIO,NATURA,Spiaggia viva,Le onde del mare cancellano le impronte
MEDIO,NATURA,Specchio naturale,Il cielo limpido riflette nel lago
MEDIO,NATURA,Paesaggio bagnato,Le colline brillano dopo la pioggia
MEDIO,NATURA,Fine del giorno,Il tramonto colora il cielo di arancio e viola
MEDIO,NATURA,Fiore sparso,I petali caduti formano un tappeto profumato
MEDIO,NATURA,Concerto naturale,La foresta risuona di canti mattutini
MEDIO,NATURA,Ghiaccio dal cielo,La grandine colpisce forte i tetti
MEDIO,NATURA,Forza nascosta,Le radici degli alberi spaccano vecchi sentieri
MEDIO,NATURA,Inverno rigido,Il ghiaccio scricchiola sotto i passi
MEDIO,NATURA,Vista ridotta,La nebbia avvolge la cima della montagna
MEDIO,NATURA,Acqua pericolosa,Il fiume in piena trascina ogni cosa
MEDIO,NATURA,Desideri notturni,Le stelle cadenti attraversano il cielo
MEDIO,NATURA,Gocce all’alba,Il sole asciuga la rugiada del mattino
MEDIO,LUOGHI,Centro cittadino,La piazza si anima con la musica dal vivo
MEDIO,LUOGHI,Collegamento urbano,Il ponte antico collega due quartieri storici
MEDIO,LUOGHI,Treni in arrivo,La stazione accoglie i viaggiatori in ritardo
MEDIO,LUOGHI,Riposo verde,Il parco ombreggiato offre riparo dal caldo
MEDIO,LUOGHI,Luogo di studio,La biblioteca silenziosa invita alla lettura
MEDIO,LUOGHI,Notte festiva,La citta' si illumina con le decorazioni serali
MEDIO,LUOGHI,Arte protetta,Il museo conserva opere preziose
MEDIO,LUOGHI,Sabbia serena,La spiaggia tranquilla accoglie pochi turisti
MEDIO,LUOGHI,Percorso ripido,Il sentiero tortuoso sale verso la vetta
MEDIO,LUOGHI,Paesaggio riflesso,La montagna si specchia nel lago vicino
MEDIO,LUOGHI,Area rurale,La campagna profuma di erba appena tagliata
MEDIO,LUOGHI,Lavoro sul mare,Il porto affollato brulica di pescatori
MEDIO,LUOGHI,Spazio interno,Il cortile assolato ospita un vecchio albero
MEDIO,LUOGHI,Bancarelle,Il mercato colorato riempie la strada principale
MEDIO,LUOGHI,Passaggio segreto,Il vicolo stretto porta a una piazzetta nascosta
MEDIO,LUOGHI,Punto panoramico,La torre svetta sopra i tetti della citta'
MEDIO,LUOGHI,Silenzio ferroviario,Il binario deserto aspetta l’ultimo treno
MEDIO,LUOGHI,Bordo dell’acqua,La riva tranquilla del lago invita a riposare
MEDIO,LUOGHI,Percorso rurale,La strada sterrata attraversa i campi gialli
MEDIO,LUOGHI,Punto di attesa,La fermata affollata attende l’autobus
MEDIO,AZIONI,Lettura in viaggio,Leggo una storia avvincente sul treno
MEDIO,AZIONI,Cucina serale,Preparo una cena semplice ma gustosa
MEDIO,AZIONI,Comunicazione personale,Scrivo una lettera che rimando da tempo
MEDIO,AZIONI,Serata tranquilla,Guardo un film che mi emoziona molto
MEDIO,AZIONI,Musica calma,Ascolto una playlist che mi rilassa
MEDIO,AZIONI,Conversazione sincera,Parlo a lungo con un vecchio amico
MEDIO,AZIONI,Strategia,Gioco una partita impegnativa a scacchi
MEDIO,AZIONI,Ordine,Pulisco la casa per iniziare bene la settimana
MEDIO,AZIONI,Fine del lavoro,Spengo il computer dopo una lunga giornata
MEDIO,AZIONI,Gesto quotidiano,Apro la finestra per respirare aria fresca
MEDIO,AZIONI,Revisione,Correggo un testo pieno di errori
MEDIO,AZIONI,Aroma intenso,Annuso il profumo del caffe' appena fatto
MEDIO,AZIONI,Spuntino,Taglio la frutta per una merenda sana
MEDIO,AZIONI,Luce artificiale,Accendo una lampada per leggere meglio
MEDIO,AZIONI,Spesa veloce,Compro alcuni ingredienti mancanti
MEDIO,AZIONI,Riordino,Raccolgo i giochi sparsi sul pavimento
MEDIO,AZIONI,Preparativi,Sistemo le valigie prima della partenza
MEDIO,AZIONI,Attività creativa,Coloro una figura dettagliata
MEDIO,AZIONI,Oscurare,Chiudo le tende per evitare la luce
MEDIO,AZIONI,Riassetto,Sposto le sedie per fare spazio
MEDIO,EMOZIONI,Serenità,Provo una calma profonda ascoltando il vento
MEDIO,EMOZIONI,Nostalgia,Mi emoziono ricordando un momento speciale
MEDIO,EMOZIONI,Paura improvvisa,Mi spavento quando la porta sbatte all’improvviso
MEDIO,EMOZIONI,Rabbia,Mi arrabbio per un commento ingiusto
MEDIO,EMOZIONI,Sorpresa,Mi sorprendo per un invito inatteso
MEDIO,EMOZIONI,Tenerezza,Mi commuovo guardando vecchie fotografie
MEDIO,EMOZIONI,Fiducia,Mi fido di chi mi ha sempre sostenuto
MEDIO,EMOZIONI,Sollievo,Mi sento sollevato quando tutto va bene
MEDIO,EMOZIONI,Malinconia,Mi sento triste dopo una giornata difficile
MEDIO,EMOZIONI,Energia positiva,Rispondo con entusiasmo a una proposta
MEDIO,EMOZIONI,Impazienza,Mi annoio durante le lunghe attese
MEDIO,EMOZIONI,Motivazione,Mi incoraggio a non mollare
MEDIO,EMOZIONI,Accoglienza,Mi sento capito dalle persone giuste
MEDIO,EMOZIONI,Calma ritrovata,Mi tranquillizzo dopo una notte agitata
MEDIO,EMOZIONI,Gioia,Provo felicita' quando tutto fila liscio
MEDIO,EMOZIONI,Ansia,Mi sento nervoso prima di un colloquio
MEDIO,EMOZIONI,Imbarazzo,Mi vergogno dopo un errore evidente
MEDIO,EMOZIONI,Spirito creativo,Mi entusiasmo per un’idea nuova
MEDIO,EMOZIONI,Connessione,Mi emoziono sentendo una voce familiare
MEDIO,EMOZIONI,Conforto,Mi rincuoro dopo una parola gentile
MEDIO,VITA_QUOTIDIANA,Attività domestica,Lavo i piatti mentre ascolto la radio
MEDIO,VITA_QUOTIDIANA,Sistemazione,Stiro alcuni vestiti rimasti nella cesta
MEDIO,VITA_QUOTIDIANA,Routine mattutina,Faccio colazione leggendo le notizie
MEDIO,VITA_QUOTIDIANA,Riordino serale,Sistemo la cucina dopo una lunga giornata
MEDIO,VITA_QUOTIDIANA,Piccolo dovere,Porto fuori la spazzatura prima di uscire
MEDIO,VITA_QUOTIDIANA,Ordine quotidiano,Rifaccio il letto aprendo bene le finestre
MEDIO,VITA_QUOTIDIANA,Break,Mangio un pasto veloce durante la pausa
MEDIO,VITA_QUOTIDIANA,Pulizia,Lavo il pavimento dopo aver raccolto la polvere
MEDIO,VITA_QUOTIDIANA,Ufficio,Accendo il computer per iniziare a lavorare
MEDIO,VITA_QUOTIDIANA,Energia,Prendo un caffe' per svegliarmi meglio
MEDIO,VITA_QUOTIDIANA,Organizzazione,Sistemo i documenti sparsi sulla scrivania
MEDIO,VITA_QUOTIDIANA,Comunicazione,Rispondo ai messaggi in attesa
MEDIO,VITA_QUOTIDIANA,Movimento leggero,Faccio una passeggiata per rilassarmi
MEDIO,VITA_QUOTIDIANA,Lavanderia,Stendo il bucato appena lavato
MEDIO,VITA_QUOTIDIANA,Relax serale,Preparo una tisana prima di dormire
MEDIO,VITA_QUOTIDIANA,Tecnologia,Metto in carica il telefono scarico
MEDIO,VITA_QUOTIDIANA,Precauzione,Chiudo tutte le finestre prima di uscire
MEDIO,VITA_QUOTIDIANA,Gesto pratico,Lego i capelli per iniziare a lavorare
MEDIO,VITA_QUOTIDIANA,Nitidezza,Pulisco gli occhiali per vedere meglio
MEDIO,VITA_QUOTIDIANA,Pianificazione,Prendo appunti sugli impegni della settimana